id;mandate_id;payment_id;gateway;iban;bic;amount;currency_code;soft_descriptor;first_name;last_name;street_name;house_number;postal_code;city;country_code;remote_ip;email_address;timestamp;state;message;gateway_id;mode;file_name
1;behind wooden meh;psst;EMERCHANTPAY;CY8200700421530Y9Y3Y13W2P5SW;DTBNSLW6F81;7863;PHP;carp the;Charles;Fahey;VonRueden Meadows;hm;awkwardly;Kathrynfurt;GN;idolized;slowly unto teapot;2024-03-01T06:23:43;where an;commit;really pest how;grant;ill-informed for yearningly
2;candy;seeder;CCBILL;AD7960074005S44MY59A7IK7;WIVUSRKT;14109;CAD;sneaky instead;Dorothy;Boehm;N Jefferson Street;zowie circa;formation;Joliet;TT;ah;duh;2024-03-01T11:02:54;danger;retreat;complex though sympathetic;however;what
3;brood;dust;OPENPAYD;HU28186500135636631040600776;GBFLNIZJ;12586;BSD;repose trifling assign;Libbie;Pollich;Washington Street;miserably wail w;that aha ah;Julienborough;KR;that;grade atelier;2024-03-01T00:24:58;oh solidly;wheel punctually pish;duff breeze;yesterday heavily how;hot
4;vainly jovially;neatly gag amid;OPENPAYD;AL6920015008Y0Z553H538V3601S;VBDJMWZB;17671;KRW;jeep ouch supposing;Sandrine;Bahringer;Schoen Knoll;till spoon mmm;stanch that entr;East Lorainemouth;GD;moist;than bitterly;2024-03-01T08:19:19;reproachfully yuck implore;however against save;behind qua;rail badly doubtfully;defiant
5;in exposition enthusiastically;as aha foment;OPENPAYD;PK65JPSW1571009105003027;KUPMAL7AN6I;24468;XAF;than;Quinten;Franey;Ledner Courts;defensive grandd;phony;Nolanworth;MX;but;specification crank;2024-03-01T08:54:40;before;boo meanwhile idolized;fossick terribly which;only fresh;though
6;amidst cleverly huzzah;decisive;EMERCHANTPAY;LI763006024S48072774B;QZASPRHC3U6;19493;IQD;telecommute;Freda;Sawayn;Daniel Crest;opposite;zowie unabashedl;Fort Florianfield;FJ;unequaled after whenever;that glee inside;2024-03-01T12:32:35;wobbly gripping joshingly;very notwithstanding;ha distinction;like victim;hefty through
7;ha;ha um;CCBILL;ES7760076420894500500965;WSQKBFR1;26508;QAR;mold;Clemmie;Stark;Metz Brooks;gadzooks patient;ultimately lunch;South Audrey;MH;elaborate;handle dense;2024-02-29T16:53:24;unless;affidavit until zowie;boo over whether;mechanically although relaunch;excluding upwardly enjoy
8;though than;harrumph flummox zowie;OPENPAYD;DO80GQWI17705489008024008250;TTXAGFX7;13356;UGX;thrash mouth;Camron;Welch;Water Street;blah fervently;tripod consumpti;Champaign;MK;mini lash exert;recklessly;2024-03-01T10:51:18;elegantly sternly;above rarely;quack coaxingly;if or including;wildebeest before failing
9;forenenst idealistic texture;chandelier;UNKNOWN;GE60UL1060749009826067;FCSBMUXZXXX;17972;AUD;beneath;Jennings;Gleason;Pfeffer Creek;bolt quick-witte;adventurously;North Aleenland;CK;if promptly mean;spirited opposite vice;2024-02-29T23:02:00;provided boohoo;cheap beneath oof;geez joyous billing;ha underneath zowie;urgently
10;major;oh;EMERCHANTPAY;BE19008490024279;KQLJMNR7;29009;MOP;fully wrathful;Vaughn;Marvin;Harris Rue;neatly or;unless pickup to;Murray;CZ;apud upward;replay anchor swap;2024-03-01T06:24:57;majestically nimble;eek coaxingly;prison after whenever;down colonial;nor phew
